{"CompleteTextMultinomialNB": {"Best Params": {"mulNB__alpha": 0.01}, "Best Score": 0.9309517783099089, "Mean Score": 0.854193597111072}}