{"CompleteTextLogistics": {"Best Params": {"logs__C": 0.6, "logs__penalty": "l2"}, "Best Score": 0.9476804426673038, "Mean Score": 0.9374916341036595}}