{"textMultinomialNB": {"Best Params": {"mulNB__alpha": 0.01}, "Best Score": 0.931227023409342, "Mean Score": 0.858208532171493}}