{"textLogistics": {"Best Params": {"logs__C": 0.6, "logs__penalty": "l2"}, "Best Score": 0.9478192738875965, "Mean Score": 0.9389038827238789}}