{"titleLogistics": {"Best Params": {"logs__C": 0.6, "logs__penalty": "l2"}, "Best Score": 0.9146349151276262, "Mean Score": 0.9063736991386682}}