{"titleSVM": {"Best Params": {"mulNB__alpha": 0.1}, "Best Score": 0.8517837607761278, "Mean Score": 0.8414801838064054}}