{"titleMultinomialNB": {"Best Params": {"mulNB__alpha": 0.1}, "Best Score": 0.8524023157180263, "Mean Score": 0.8412034535431269}}